{"0": {"t_i": 0.05259343148357871, "t_f": 0.176964892412231}, "1": {"t_i": 0.23895809739524349, "t_f": 0.3650056625141563}, "2": {"t_i": 0.4244620611551529, "t_f": 0.5483578708946772}, "3": {"t_i": 0.6146772366930917, "t_f": 0.7431710079275198}, "4": {"t_i": 0.8021064552661381, "t_f": 0.9308720271800679}}