{"0": {"t_i": 0.014292185730464325, "t_f": 0.07103057757644393}, "1": {"t_i": 0.10566251415628539, "t_f": 0.16357870894677237}, "2": {"t_i": 0.20101925254813136, "t_f": 0.2582106455266138}, "3": {"t_i": 0.29071347678369197, "t_f": 0.3477916194790487}, "4": {"t_i": 0.3804303510758777, "t_f": 0.4390713476783692}, "5": {"t_i": 0.4738391845979615, "t_f": 0.5349490373725934}}