{"0": {"t_i": 0.04047565118912797, "t_f": 0.06985277463193658}, "1": {"t_i": 0.10477916194790486, "t_f": 0.14194790486976216}, "2": {"t_i": 0.17214043035107587, "t_f": 0.2055039637599094}, "3": {"t_i": 0.23730464326160813, "t_f": 0.27365798414496034}, "4": {"t_i": 0.30620611551528876, "t_f": 0.34156285390713476}, "5": {"t_i": 0.37173272933182333, "t_f": 0.4077463193657984}, "6": {"t_i": 0.43630804077010193, "t_f": 0.47087202718006793}, "7": {"t_i": 0.50480181200453, "t_f": 0.5383238958097395}, "8": {"t_i": 0.5711664779161948, "t_f": 0.6043488108720272}, "9": {"t_i": 0.6384144960362401, "t_f": 0.6709399773499434}, "10": {"t_i": 0.7061834654586636, "t_f": 0.7407927519818799}, "11": {"t_i": 0.7785050962627407, "t_f": 0.8119818799546998}}