{"segmento_1": {"0": {"t_i": 0.026228765571913927, "t_f": 0.0797281993204983}, "1": {"t_i": 0.09347678369195922, "t_f": 0.14265005662514155}, "2": {"t_i": 0.1606568516421291, "t_f": 0.21098527746319365}, "3": {"t_i": 0.22625141562853907, "t_f": 0.2747451868629672}, "4": {"t_i": 0.29349943374858434, "t_f": 0.34178935447338615}, "5": {"t_i": 0.36106455266138165, "t_f": 0.40795016987542465}, "6": {"t_i": 0.42672706681766703, "t_f": 0.47293318233295584}, "7": {"t_i": 0.4941789354473386, "t_f": 0.5406342015855039}, "8": {"t_i": 0.5596602491506228, "t_f": 0.6062967157417893}, "9": {"t_i": 0.627678369195923, "t_f": 0.6736353340883352}, "10": {"t_i": 0.695537938844847, "t_f": 0.7472027180067949}, "11": {"t_i": 0.7684258210645526, "t_f": 0.8185730464326161}}, "segmento_2": {"0": {"t_i": 0.04022650056625141, "t_f": 0.18283125707814268}, "1": {"t_i": 0.22441676104190258, "t_f": 0.3654586636466591}, "2": {"t_i": 0.4074745186862967, "t_f": 0.5537938844847112}, "3": {"t_i": 0.6027859569648923, "t_f": 0.7432842582106455}, "4": {"t_i": 0.7863873159682899, "t_f": 0.9328652321630804}}, "segmento_3": {"0": {"t_i": 0.0038505096262740654, "t_f": 0.07157417893544733}, "1": {"t_i": 0.09524348810872027, "t_f": 0.16400906002265006}, "2": {"t_i": 0.19019252548131368, "t_f": 0.2582559456398641}, "3": {"t_i": 0.2796149490373726, "t_f": 0.3478595696489241}, "4": {"t_i": 0.3687429218573046, "t_f": 0.43932049830124575}, "5": {"t_i": 0.4609739524348811, "t_f": 0.5354926387315968}}}